<!-- this is for main jf.org --><!DOCTYPE html><html lang="en"><head><meta charset="utf-8"><meta http-equiv="X-UA-Compatible" content="IE=edge"><meta name="viewport" content="width=device-width, initial-scale=1"><meta name="description" content="XML to CSV Online with https and easiest way to convert XML to CSV. Save online and Share."><meta name="author" content="JsonFormatter"><meta name="keywords" content="xml to csv, convert xml to csv, xml to csv converter" /><meta name="twitter:card" content="summary" /><meta name="twitter:site" content="@jsonformatter" /><meta name="twitter:title" content="Best XML to CSV Converter Online" /><meta name="twitter:description" content="XML to CSV Online with https and easiest way to convert XML to CSV. Save online and Share." /><meta name="twitter:image" content="https://jsonformatter.org/img/xml-to-csv.png" /><meta name="twitter:url" content="https://jsonformatter.org/xml-to-csv"><meta name="twitter:creator" content="@jsonformatter"><meta name="ir-site-verification-token" value="600428248" /><meta property="og:title" content="Best XML to CSV Converter Online" /><meta property="og:description" content="XML to CSV Online with https and easiest way to convert XML to CSV. Save online and Share." /><meta property="og:image" content="https://jsonformatter.org/img/xml-to-csv.png" /><meta property="og:url" content="https://jsonformatter.org/xml-to-csv" /><meta property="og:type" content="website" /><link rel="canonical" href="https://jsonformatter.org/xml-to-csv" /><link rel="shortcut icon" type="image/png" href="/img/favicon.png" /><title>Best XML to CSV Converter Online</title><link href="https://plus.google.com/108734869867956898267/posts" rel="publisher" /><link href="https://cdnjs.cloudflare.com/ajax/libs/font-awesome/4.7.0/css/font-awesome.min.css" rel="stylesheet"><link href="/dist/3.8/css/jsonmain.css" rel="stylesheet"><link rel="preconnect" href="https://a.pub.network/" crossorigin /><link rel="preconnect" href="https://b.pub.network/" crossorigin /><link rel="preconnect" href="https://c.pub.network/" crossorigin /><link rel="preconnect" href="https://d.pub.network/" crossorigin /><link rel="preconnect" href="https://secure.quantserve.com/" crossorigin /><link rel="preconnect" href="https://rules.quantcount.com/" crossorigin /><link rel="preconnect" href="https://pixel.quantserve.com/" crossorigin /><link rel="preconnect" href="https://cmp.quantcast.com/" crossorigin /><link rel="preconnect" href="https://btloader.com/" crossorigin /><link rel="preconnect" href="https://api.btloader.com/" crossorigin /><link rel="preconnect" href="https://confiant-integrations.global.ssl.fastly.net" crossorigin /><link rel="stylesheet" href="https://a.pub.network/jsonformatter-org/cls.css"><script data-cfasync="false" type="text/javascript"> var freestar = freestar || {}; freestar.queue = freestar.queue || []; freestar.config = freestar.config || {}; freestar.config.enabled_slots = []; freestar.initCallback = function () { (freestar.config.enabled_slots.length === 0) ? freestar.initCallbackCalled = false : freestar.newAdSlots(freestar.config.enabled_slots) }</script><script src="https://a.pub.network/jsonformatter-org/pubfig.min.js" data-cfasync="false" async></script><!--[if lt IE 9]> <script src="https://oss.maxcdn.com/libs/html5shiv/3.7.0/html5shiv.js"></script> <script src="https://oss.maxcdn.com/libs/respond.js/1.4.2/respond.min.js"></script> <![endif]--></head><input type="hidden" id="viewname" value="xml-to-csv"><input type="hidden" id="type" value="xml"><body id="page-top" class="index"><script async src="https://www.googletagmanager.com/gtag/js?id=G-B5DLV1F39J"></script><script> window.dataLayer = window.dataLayer || []; function gtag(){dataLayer.push(arguments);} gtag('js', new Date()); gtag('config', 'G-B5DLV1F39J');</script><input id="default_file" type="file" name="userfile" /><div id="pluswrap" class="hide"><div class="plus"><button class="btn btn-lg btn-success"><i class="fa fa-cog fa-spin"></i></button></div></div><nav class="navbar navbar-default navbar-fixed-top"><div class="container"><div class="navbar-header page-scroll"><button type="button" class="navbar-toggle" data-toggle="collapse" data-target="#bs-example-navbar-collapse-1"><span class="sr-only">Toggle navigation</span> <span class="icon-bar"></span> <span class="icon-bar"></span> <span class="icon-bar"></span></button><a class="navbar-brand" href="/"><img src="/img/logo.webp" width="249px" height="39px" alt="JSON Formatter" title="JSON Formatter"></a></div><div class="collapse navbar-collapse" id="bs-example-navbar-collapse-1"><ul class="nav navbar-nav navbar-right"> <li class="page-scroll"><a href="https://codebeautify.org/jsonviewer" rel="noopener" title="JSON Beautifier" target="_blank">JSON Beautifier</a></li> <li class="page-scroll hidden-sm hidden-md"><a href="/json-parser" title="JSON Parser">JSON Parser</a></li> <li class="page-scroll hidden-sm"><a href="/xml-formatter" title="XML Formatter">XML Formatter</a></li><li class="page-scroll hidden-sm hidden-md"><a href="/jsbeautifier" title="JSBeautifier">JSBeautifier</a></li><li id="savelink" class="page-scroll"><a href="#save" onclick="Action_Save();">Save</a></li><li class="page-scroll hidden-sm"><a href="/recentLinksPage/json">Recent Links</a></li><li id="loginDiv" class="page-scroll"><a href="#" onclick="preLogin();" title="New Login">Login</a></li><a data-toggle="dropdown" href="/#"> <li id="loginDropdown" class="dropdown cursor-pointer"><span id="loggedUserName"></span><span class="caret"></span><ul class="dropdown-menu"><li><a target="_blank" href="/userSaveLinkPage/json">My Links</a></li><li><a href="/#" onclick="preLogout();">Logout</a></li></ul></a></li></ul></div></div></nav><div id="flymessage" class="alert alert-danger flyover flyover-bottom"> <p> Copied to Clipboard </p> </div><header><div class="container container-no-padding" style="padding-top:15px;"><div class="row" id="headerDiv"> <div class="col-sm-5" style="text-align: left;"><h1>XML to CSV</h1></div> <div class="col-sm-7" id="msgDiv"></div></div><div class="row"><div id="inputdiv" class="col-lg-5"><div class="acemenu"><div id="inputheading" style="padding-left:10px;float:left;">Input XML</div><div class="rightmenu"></div><a href="#Sample" id="sampleDataBtn" title="Sample JSON Data" class="samplelink" style="float:right;font-size:10pt;right:190px;padding: 3px;" onclick="loadXMLSampleData();">Sample</a></div><div id="inputeditor" tabindex="-1" class="ace-editor-style"></div></div><div class="col-lg-2"><button type="button" class="btn btn-xs btn-outline btn-block" href="#loadFileDialog" data-toggle="modal" onclick="clearInput('loadFileDialog')" title="XML URL or Browse File">Load Data</button><br><button type="button" id="defaultaction" class="btn btn-xs btn-outline btn-block" onclick="xmlTocsv();" title="XML to CSV">XML to CSV</button><br>  <div align="center" style="padding-top:5px" data-freestar-ad="__320x100 __300x250" id="jsonformatter_medrec_middle"><script data-cfasync="false" type="text/javascript">freestar.config.enabled_slots.push({ placementName: "jsonformatter_medrec_middle", slotId: "jsonformatter_medrec_middle" });</script></div> <br><button type="button" class="btn btn-xs btn-outline btn-block" onclick="downloadinXMLTool();" title="CSV Download">CSV Download</button></div><div id="outputdiv" class="col-lg-5"> <div class="acemenu"> <div id="outputheading" style="padding-left:10px;float:left;"></div> <div class="outputrightmenu"></div></div> <div id="outputeditor" tabindex="-1" class="ace-editor-style"></div></div></div></header>  <section class="success" id="about"> <div class="container"> <div class="row"> <div class="col-lg-12 text-center"> <h2>XML to CSV</h2> <hr class="star-light"> </div> </div> <div class="row"> <div class="col-lg-4 col-lg-offset-2"> <p>XML to CSV helps convert XML data to CSV. It's very simple and easy way to transform and share XML to CSV data</p> <p>Know more about XML:</p><ul> <li><a href="https://codeblogmoney.com/how-to-print-xml/" rel="noopener" target="_blank">How to Print XML?</a></li> <li><a href="https://codeblogmoney.com/xml-pretty-print-using-python-with-examples/" rel="noopener" target="_blank">Python XML Pretty Print</a></li> <li><a href="https://codebeautify.org/blog/how-to-create-xml-file/" rel="noopener" target="_blank">How to create XML File?</a></li></ul> </div> <div class="col-lg-4"> <p>Best and Secure XML to CSV works well in Windows, Mac, Linux, Chrome, Firefox, Safari and Edge.</p> </div> </div> </div> </section><section class="faq" id="faq"><div class><div class="row"><div class="col-lg-12 text-center"><p class="f3em">FAQ</p><hr class="star-light"></div></div><div class="rowfaq"><div class="panel panel-default"><div class="panel-heading"><h4 class="panel-title"><a aria-expanded="false" class="accordion-toggle collapsed" data-toggle="collapse" data-parent="#accordion" href="#collapseOne">Why XML to CSV?</a></h4></div><div style="height: 0px;" aria-expanded="false" id="collapseOne" class="panel-collapse collapse"><div class="panel-body faq-text">XML to CSV is very unique tool for convert JOSN to CSV and allows to download, save, share and print XML to CSV data..</div></div></div><div class="panel panel-default"><div class="panel-heading"><h4 class="panel-title"><a aria-expanded="false" class="accordion-toggle collapsed" data-toggle="collapse" data-parent="#accordion" href="#collapseTwo">How to use XML to CSV with URL?</a></h4></div><div style="height: 0px;" aria-expanded="false" id="collapseTwo" class="panel-collapse collapse"><div class="panel-body faq-text">XML to CSV support URL linking for sharing xml.<br> i.e. <a href="/xml-to-csv/?url=https://gist.githubusercontent.com/jimmibond/9205480889e19c0de347/raw/sample.xml">https://xmlformatter.org/xml-to-csv/?url=https://gist.githubusercontent.com/jimmibond/9205480889e19c0de347/raw/sample.xml</a></div></div></div><div class="panel panel-default"><div class="panel-heading"><h4 class="panel-title"><a aria-expanded="false" class="accordion-toggle collapsed" data-toggle="collapse" data-parent="#accordion" href="#collapseThree">Is login required to save XML data?</a></h4></div><div style="height: 0px;" aria-expanded="false" id="collapseThree" class="panel-collapse collapse"><div class="panel-body faq-text">No. It's not required to save and share code. If XML data is saved without login, it will become public. To make xml data private please login and save the links. </div></div></div><div class="panel panel-default"><div class="panel-heading"><h4 class="panel-title"><a aria-expanded="false" class="accordion-toggle collapsed" data-toggle="collapse" data-parent="#accordion" href="#collapseFour">Have you accidentally saved your XML data?</a></h4></div><div style="height: 0px;" aria-expanded="false" id="collapseFour" class="panel-collapse collapse"><div class="panel-body faq-text">Please send us the details of the URL using <a href="/contact">Contact US</a>.</div></div></div></div></div></section>  <div align="center" data-freestar-ad="__336x280 __336x280" id="jsonformatter_incontent_3"><script data-cfasync="false" type="text/javascript">freestar.config.enabled_slots.push({ placementName: "jsonformatter_incontent_3", slotId: "jsonformatter_incontent_3" });</script></div><div id="loadFileDialog" class="modal" role="dialog"><div class="modal-dialog"><div class="modal-content"><div class="modal-header"><button type="button" class="close" data-dismiss="modal">&times;</button><h4 class="modal-title">Load External Data</h4></div><div class="modal-body text-center"><div class="form-group"><input type="text" class="form-control" id="path" placeholder="Enter Url" autofocus><br><button type="button" class="btn btn-primary btn-md" onclick="loadUrl();">Load URL</button></div><div class="col-lg-12 text-center"> <hr class="star-primary"> </div><div class="form-group"><button type="button" class="btn btn-primary btn-md" id="me" onclick="openFile();">Upload File</button></div></div><div class="modal-footer"><button type="button" id="loadFileClose" class="btn btn-default" data-dismiss="modal">Close</button></div></div></div></div><div id="saveDialog" class="modal" role="dialog"><input type="hidden" id="id" value="1"><input type="hidden" id="dataUrl" value="https://gist.githubusercontent.com/jimmibond/9205480889e19c0de347/raw/sample.xml" /><div class="modal-dialog"><div class="modal-content"><div class="modal-header"><button type="button" class="close" data-dismiss="modal">&times;</button><h4 class="modal-title">Save Online</h4></div><div class="modal-body"><form name="sentMessage" id="contactForm" novalidate> <div class="row control-group"> <div class="form-group col-xs-12 floating-label-form-group controls"> <label>Title</label> <input type="text" class="form-control" placeholder="Title" id="title" required data-validation-required-message="Please enter your title"> <p class="help-block text-danger"></p> </div> </div> <div class="row control-group"> <div class="form-group col-xs-12 floating-label-form-group controls"> <label>Tags</label> <input type="text" class="form-control" placeholder="Tags" id="tags"> <p class="help-block text-danger"></p> </div> </div> <div class="row control-group"> <div class="form-group col-xs-12 floating-label-form-group controls"> <label>Description</label> <textarea rows="5" class="form-control" placeholder="Description" id="desc"></textarea> <p class="help-block text-danger"></p> </div> </div><br><div class="row control-group"><div class="form-group col-xs-4"><span class="lead">Link Expiry Time</span></div> <div class="form-group col-xs-8"> <select class="form-control" id="expiryTime"><option value="60">1 Hour</option><option value="480">8 Hour</option><option value="1440" selected="selected">24 Hours</option><option value="10080">7 Days</option><option value="21600">15 Days</option><option value="43200">30 Days</option><option value>Never</option></select> </div> </div></div><div class="modal-footer"><button type="button" id="btnSave" class="btn btn-default" data-dismiss="modal" onclick="download();">Download</button><button type="button" id="btnUpdate" class="btn btn-default" data-dismiss="modal" onclick="update();">Update</button><button type="button" id="btnSaveAndShare" class="btn btn-default" data-dismiss="modal" onclick="save();">Save Online</button><button type="button" id="loadSaveClose" class="btn btn-default" data-dismiss="modal">Close</button></div></div></div></div><button type="button" class="btn btn-info btn-lg hide" data-toggle="modal" data-target="#saveDialog" id="openSave">ErrorDialog</button><div id="errorDialog" class="modal" role="dialog"> <div class="modal-dialog">  <div class="modal-content"> <div class="modal-header"> <button type="button" class="close" data-dismiss="modal">&times;</button> <h4 class="modal-title">Message</h4> </div> <div class="modal-body"> <p id="errorMsg"></p> </div> <div class="modal-footer"> <button type="button" class="btn btn-default" data-dismiss="modal">Close</button> </div> </div> </div></div><button type="button" id="openError" class="btn btn-info btn-lg hide" data-toggle="modal" data-target="#errorDialog">ErrorDialog</button>  <footer class="text-center"> <div class="footer-above"> <div class="container"> <div class="row"> <div class="footer-col col-md-4"> <p class="f2em">Functionality</p> <p> <a href="/">JSON Formatter</a>, <a href="/">JSON Validator</a>, <a href="/json-editor">JSON Editor</a>, <a href="/json-viewer">JSON Viewer</a>, <a href="/json-to-xml">JSON to XML</a>, <a href="/json-to-csv">JSON to CSV</a>, <a href="/json-to-yaml">JSON to YAML</a>, JSON Tree View, <a href="/json-pretty-print">JSON Pretty Print</a>, <a href="/json-parser">JSON Parser</a> </p> </div> <div class="footer-col col-md-4"> <p class="f2em">Follow us</p> <ul class="list-inline"> <li> <a href="https://www.facebook.com/jsonformatter" class="btn-social btn-outline" rel="noopener"><i class="fa fa-fw fa-facebook"></i></a> </li> <li> <a href="https://twitter.com/jsonformatter" class="btn-social btn-outline" rel="noopener"><i class="fa fa-fw fa-twitter"></i></a> </li>  </ul> </div> <div class="footer-col col-md-4"> <p class="f2em">JSON Formatter</p> <p>JSON Formatter is free to use tool which helps to format, validate, save and share your JSON data.</p> </div> </div> </div> </div>  <div align="center" data-freestar-ad="__336x280 __336x280" id="jsonformatter_incontent_4"><script data-cfasync="false" type="text/javascript">freestar.config.enabled_slots.push({ placementName: "jsonformatter_incontent_4", slotId: "jsonformatter_incontent_4" });</script></div> <div class="footer-middle"> <div class="container">  <div class="row"> <div class="footer-col links col-md-4 col-sm-4"> <div class="footer-col-inner"> <p class="f2em">JSON</p> <ul class="list-unstyled"> <li><a href="/">JSON Formatter</a></li> <li><a href="/">JSON Validator</a></li> <li><a href="/json-editor">JSON Editor</a></li> <li><a href="/json-pretty-print">JSON Pretty Print</a></li> <li><a href="/json-viewer">JSON Viewer</a></li> <li><a href="/json-parser">JSON Parser</a></li> <li><a href="/json-minify">JSON Minify</a></li> <li><a href="/json-reader">JSON Reader</a></li> <li><a href="/json-stringify-online">JSON Stringify Online</a></li> <li><a href="/json-to-one-line">JSON to One Line</a></li> <li><a href="/json-compare">JSON Compare</a></li> <li><a href="/json-sorter">JSON Sorter</a></li> </ul> </div> </div> <div class="footer-col links col-md-4 col-sm-4"> <div class="footer-col-inner"> <p class="f2em">Converters</p> <ul class="list-unstyled"> <li><a href="/json-to-xml">JSON to XML</a></li> <li><a href="/json-to-csv">JSON to CSV</a></li> <li><a href="/json-to-yaml">JSON to YAML</a></li> <li><a href="/json-to-tsv">JSON to TSV</a></li> <li><a href="/json-to-string">JSON to String</a></li> <li><a href="/xml-to-json">XML to JSON</a></li> <li><a href="/xml-to-csv">XML to CSV</a></li> <li><a href="/xml-to-string-converter">XML to String</a></li> <li><a href="/xml-to-yaml">XML to YAML</a></li> <li><a href="/rss-to-json">RSS to JSON</a></li> <li><a href="/yaml-to-json">YAML to JSON</a></li> <li><a href="/yaml-to-xml">YAML to XML</a></li> <li><a href="/yaml-to-csv">YAML to CSV</a></li> <li><a href="/csv-to-json">CSV to JSON</a></li> <li><a href="/csv-to-xml">CSV to XML</a></li> <li><a href="/csv-to-yaml">CSV to YAML</a></li> <li><a href="/csv-to-html">CSV to HTML</a></li> </ul> </div> </div> <div class="footer-col links col-md-4 col-sm-4"> <div class="footer-col-inner"> <p class="f2em">XML</p> <ul class="list-unstyled"> <li><a href="/xml-formatter">XML Formatter</a></li> <li><a href="/xml-minify">XML Minify</a></li> <li><a href="/xml-viewer">XML Viewer</a></li> <li><a href="/xml-pretty-print">XML Pretty Print</a></li> <li><a href="/xml-validator">XML Validator</a></li> <li><a href="/xml-editor">XML Editor</a></li> <li><a href="/xml-parser">XML Parser</a></li> <li><a href="/wsdl-formatter">WSDL Formatter</a></li> <li><a href="/soap-formatter">SOAP Formatter</a></li> </ul> </div> </div> <div class="footer-col links col-md-4 col-sm-4"> <div class="footer-col-inner"> <p class="f2em">YAML</p> <ul class="list-unstyled"> <li><a href="/yaml-validator">YAML Validator</a></li> <li><a href="/yaml-viewer">YAML Viewer</a></li> <li><a href="/yaml-formatter">YAML Formatter</a></li> <li><a href="/yaml-parser">YAML Parser</a></li> </ul> </div> </div> <div class="footer-col links col-md-4 col-sm-4"> <div class="footer-col-inner"> <p class="f2em">HTML</p> <ul class="list-unstyled"> <li><a href="/html-formatter">HTML Formatter</a></li> <li><a href="/html-pretty-print">HTML Pretty Print</a></li> <li><a href="/html-validator">HTML Validator</a></li> <li><a href="/html-viewer">HTML Viewer</a></li> <li><a href="/html-editor">HTML Editor</a></li> <li><a href="/jsbeautifier">JSBeautifier</a></li> <li><a href="/minify-html">HTML Minify</a></li> <li><a href="/jade-to-html">JADE to HTML</a></li> <li><a href="/html-to-jade">HTML to JADE</a></li> <li><a href="/excel-to-html">EXCEL to HTML</a></li> </ul> </div> </div> <div class="footer-col links col-md-4 col-sm-4"> <div class="footer-col-inner"><p class="f2em">Escaper</p> <ul class="list-unstyled"> <li> <span class="escaper-right-padding"> <a href="/html-escape">HTML Escape</a> </span><br class="visible-xs"> <span> <a href="/html-unescape">HTML Unescape</a> </span> </li> <li> <span class="escaper-right-padding"> <a href="/xml-escape">XML Escape</a> </span><br class="visible-xs"> <span> <a href="/xml-unescape">XML Unescape</a> </span> </li> <li> <span class="escaper-right-padding"> <a href="/javascript-escape">Javascript Escape</a> </span><br class="visible-xs"> <span> <a href="/javascript-unescape">Javascript Unescape</a> </span> </li> <li> <span class="escaper-right-padding"> <a href="/java-escape">Java Escape</a> </span><br class="visible-xs"> <span> <a href="/java-unescape">Java Unescape</a> </span> </li> <li> <span class="escaper-right-padding"> <a href="/dotnet-escape">.Net Escape</a> </span><br class="visible-xs"> <span> <a href="/dotnet-unescape">.Net Unescape</a> </span> </li> <li> <span class="escaper-right-padding"> <a href="/json-escape">JSON Escape</a> </span><br class="visible-xs"> <span> <a href="/json-unescape">JSON Unescape</a> </span> </li> <li> <span class="escaper-right-padding"> <a href="/csv-escape">CSV Escape</a> </span><br class="visible-xs"> <span> <a href="/csv-unescape">CSV Unescape</a> </span> </li> <li> <span class="escaper-right-padding"> <a href="/sql-escape">SQL Escape</a> </span><br class="visible-xs"> <span> <a href="/sql-unescape">SQL Unescape</a> </span> </li> </ul> </div> </div> <div class="footer-col links col-md-4 col-sm-4"> <div class="footer-col-inner"> <p class="f2em">Other tools</p> <ul class="list-unstyled"> <li><a href="/string-utility">String Utility</a></li> <li><a href="/tools">All Tools</a></li> <li><a href="/json-tools-online">JSON Tools</a></li> <li><a href="/xml-tools-online">XML Tools</a></li> <li><a href="/yaml-tools-online">YAML Tools</a></li> <li><a href="/formatter-tools-online">Formatter Tools</a></li> <li><a href="/data-to-class-tools-online">Data to Class Converters</a></li> </ul> </div> </div> <div class="footer-col links col-md-4 col-sm-4"> <div class="footer-col-inner"> <p class="f2em">Articles</p> <ul class="list-unstyled"> <li><a href="https://codeblogmoney.com/what-is-json/" rel="noopener" target="_blank">What is JSON?</a></li> <li><a href="https://codeblogmoney.com/json-example-with-data-types-including-json-array/" rel="noopener" target="_blank">JSON Example</a></li> </ul> </div> </div> <div class="footer-col links col-md-4 col-sm-4"> <div class="footer-col-inner"> <p class="f2em">Javascript</p> <ul class="list-unstyled"> <li><a href="/jsbeautifier">JSBeautifier</a></li> <li><a href="/javascript-pretty-print">Javascript Pretty Print</a></li> </ul> </div> </div> <div class="footer-col links col-md-4 col-sm-4"> <div class="footer-col-inner"> <p class="f2em">JSON5</p> <ul class="list-unstyled"> <li><a href="/json5-formatter">JSON5 Formatter</a></li> <li><a href="/json5-validator">JSON5 Validator</a></li> </ul> </div> </div> <div class="footer-col links col-md-4 col-sm-4"> <div class="footer-col-inner"><p class="f2em">URL Encoders</p> <ul class="list-unstyled"> <li> <span class="escaper-right-padding"> <a href="/url-encode">URL Encode</a> </span><br class="visible-xs"> <span> <a href="/url-decode">URL Decode</a> </span> </li> <li> <span class="escaper-right-padding"> <a href="/json-url-encode">JSON URL Encode</a> </span><br class="visible-xs"> <span> <a href="/json-url-decode">JSON URL Decode</a> </span> </li> <li> <span class="escaper-right-padding"> <a href="/xml-url-encode">XML URL Encode</a> </span><br class="visible-xs"> <span> <a href="/xml-url-decode">XML URL Decode</a> </span> </li> <li> <span class="escaper-right-padding"> <a href="/yaml-url-encode">YAML URL Encode</a> </span><br class="visible-xs"> <span> <a href="/yaml-url-decode">YAML URL Decode</a> </span> </li> </ul> </div> </div> <div class="footer-col links col-md-4 col-sm-4"> <div class="footer-col-inner"><p class="f2em">Base64 Encoders</p> <ul class="list-unstyled"> <li> <span class="escaper-right-padding"> <a href="/base64-to-json">Base64 to JSON</a> </span><br class="visible-xs"> <span> <a href="/json-to-base64">JSON to Base64</a> </span> </li> <li> <span class="escaper-right-padding"> <a href="/base64-to-xml">Base64 to XML</a> </span><br class="visible-xs"> <span> <a href="/xml-to-base64">XML to Base64</a> </span> </li> <li> <span class="escaper-right-padding"> <a href="/base64-to-yaml">Base64 to YAML</a> </span><br class="visible-xs"> <span> <a href="/yaml-to-base64">YAML to Base64</a> </span> </li> </ul> </div> </div> <div class="footer-col links col-md-4 col-sm-4"> <div class="footer-col-inner"> <p class="f2em">CSS Converters</p> <ul class="list-unstyled"> <li><a href="/minify-css">Minify CSS</a></li> <li><a href="/css-beautifier">CSS Beautifier</a></li> <li><a href="/css-beautifier">CSS Formatter</a></li> <li><a href="/css-pretty-print">CSS Pretty Print</a></li> <li><a href="/css-to-less">CSS to LESS</a></li> <li><a href="/css-to-scss">CSS to SCSS</a></li> <li><a href="/css-to-sass">CSS to SASS</a></li> <li><a href="/css-to-stylus">CSS to Stylus</a></li> <li><a href="/stylus-to-css">Stylus to CSS</a></li> <li><a href="/stylus-to-less">Stylus to LESS</a></li> <li><a href="/stylus-to-scss">Stylus to SCSS</a></li> <li><a href="/stylus-to-sass">Stylus to SASS</a></li> <li><a href="/less-to-css">LESS to CSS</a></li> <li><a href="/less-to-scss">LESS to SCSS</a></li> <li><a href="/less-to-sass">LESS to SASS</a></li> <li><a href="/less-to-stylus">LESS to Stylus</a></li> <li><a href="/scss-to-css">SCSS to CSS</a></li> <li><a href="/scss-to-less">SCSS to LESS</a></li> <li><a href="/scss-to-sass">SCSS to SASS</a></li> <li><a href="/scss-to-stylus">SCSS to Stylus</a></li> <li><a href="/sass-to-css">SASS to CSS</a></li> <li><a href="/sass-to-less">SASS to LESS</a></li> <li><a href="/sass-to-scss">SASS to SCSS</a></li> <li><a href="/sass-to-stylus">SASS to Stylus</a></li> </ul> </div> </div> <div class="footer-col links col-md-4 col-sm-4"> <div class="footer-col-inner"> <p class="f2em">Data to Class</p> <ul class="list-unstyled"> <li> <span class="escaper-right-padding"> <a href="/json-to-java">JSON to Java</a> </span><br class="visible-xs"> <span> <a href="/xml-to-java">XML to Java</a> </span> </li> <li> <span class="escaper-right-padding"> <a href="/json-to-python">JSON to Python</a> </span><br class="visible-xs"> <span> <a href="/xml-to-python">XML to Python</a> </span> </li> <li> <span class="escaper-right-padding"> <a href="/json-to-objectivec">JSON to Objective-C</a> </span><br class="visible-xs"> <span> <a href="/xml-to-objectivec">XML to Objective-C</a> </span> </li> <li> <span class="escaper-right-padding"> <a href="/json-to-jsonschema">JSON to JSON Schema</a> </span><br class="visible-xs"> <span> <a href="/xml-to-jsonschema">XML to JSON Schema</a> </span> </li> <li> <span class="escaper-right-padding"> <a href="/json-to-swift">JSON to Swift</a> </span><br class="visible-xs"> <span> <a href="/xml-to-swift">XML to Swift</a> </span> </li> <li> <span class="escaper-right-padding"> <a href="/json-to-csharp">JSON to C#</a> </span><br class="visible-xs"> <span> <a href="/xml-to-csharp">XML to C#</a> </span> </li> <li> <span class="escaper-right-padding"> <a href="/json-to-go">JSON to Go</a> </span><br class="visible-xs"> <span> <a href="/xml-to-go">XML to Go</a> </span> </li> <li> <span class="escaper-right-padding"> <a href="/json-to-rust">JSON to Rust</a> </span><br class="visible-xs"> <span> <a href="/xml-to-rust">XML to Rust</a> </span> </li> <li> <span class="escaper-right-padding"> <a href="/json-to-crystal">JSON to Crystal</a> </span><br class="visible-xs"> <span> <a href="/xml-to-crystal">XML to Crystal</a> </span> </li> <li> <span class="escaper-right-padding"> <a href="/json-to-cpp">JSON to C++</a> </span><br class="visible-xs"> <span> <a href="/xml-to-cpp">XML to C++</a> </span> </li> <li> <span class="escaper-right-padding"> <a href="/json-to-typescript">JSON to TypeScript</a> </span><br class="visible-xs"> <span> <a href="/xml-to-typescript">XML to TypeScript</a> </span> </li> <li> <span class="escaper-right-padding"> <a href="/json-to-javascriptproptypes">JSON to JavaScript Proptypes</a> </span><br class="visible-xs"> <span> <a href="/xml-to-javascriptproptypes">XML to JavaScript Proptypes</a> </span> </li> <li> <span class="escaper-right-padding"> <a href="/json-to-flow">JSON to Flow</a> </span><br class="visible-xs"> <span> <a href="/xml-to-flow">XML to Flow</a> </span> </li> <li> <span class="escaper-right-padding"> <a href="/json-to-kotlin">JSON to Kotlin</a> </span><br class="visible-xs"> <span> <a href="/xml-to-kotlin">XML to Kotlin</a> </span> </li> <li> <span class="escaper-right-padding"> <a href="/json-to-elm">JSON to Elm</a> </span><br class="visible-xs"> <span> <a href="/xml-to-elm">XML to Elm</a> </span> </li> <li> <span class="escaper-right-padding"> <a href="/json-to-ruby">JSON to Ruby</a> </span><br class="visible-xs"> <span> <a href="/xml-to-ruby">XML to Ruby</a> </span> </li> <li> <span class="escaper-right-padding"> <a href="/json-to-dart">JSON to Dart</a> </span><br class="visible-xs"> <span> <a href="/xml-to-dart">XML to Dart</a> </span> </li> <li> <span class="escaper-right-padding"> <a href="/json-to-pike">JSON to Pike</a> </span><br class="visible-xs"> <span> <a href="/xml-to-pike">XML to Pike</a> </span> </li> <li> <span class="escaper-right-padding"> <a href="/json-to-haskell">JSON to <wbr>Haskell</a> </span><br class="visible-xs"> <span> <a href="/xml-to-haskell">XML to Haskell</a> </span> </li> </ul> </div> </div> <div class="footer-col links col-md-4 col-sm-4"> <div class="footer-col-inner"> <p class="f2em">Online Formatters</p> <ul class="list-unstyled"> <li><a href="/">JSON Formatter</a></li> <li><a href="/json5-formatter">JSON5 Formatter</a></li> <li><a href="/xml-formatter">XML Formatter</a></li> <li><a href="/html-formatter">HTML Formatter</a></li> <li><a href="/yaml-formatter">YAML Formatter</a></li> <li><a href="/jsbeautifier">JavaScript Formatter</a></li> <li><a href="/css-beautifier">CSS Formatter</a></li> <li><a href="/csharp-formatter">C# Formatter</a></li> <li><a href="/java-formatter">Java Formatter</a></li> <li><a href="/graphql-formatter">GraphQL Formatter</a></li> <li><a href="/angular-formatter">Angular Formatter</a></li> <li><a href="/vue-formatter">Vue JS Formatter</a></li> <li><a href="/less-formatter">LESS Formatter</a></li> <li><a href="/scss-formatter">SCSS Formatter</a></li> <li><a href="/typescript-formatter">TypeScript Formatter</a></li> <li><a href="/babel-formatter">Babel Formatter</a></li> <li><a href="/markdown-formatter">Markdown Formatter</a></li> <li><a href="/mdx-formatter">MDX Formatter</a></li> <li><a href="/glimmer-formatter">Glimmer JS Formatter</a></li> <li><a href="/lwc-formatter">LWC Formatter</a></li> <li><a href="/php-formatter">PHP Formatter</a></li> <li><a href="/wsdl-formatter">WSDL Formatter</a></li> <li><a href="/soap-formatter">SOAP Formatter</a></li> </ul> </div> </div> <div class="clearfix"></div> </div> </div> </div>  <div align="center" data-freestar-ad="__336x280 __336x280" id="jsonformatter_Leaderboard_btf"><script data-cfasync="false" type="text/javascript">freestar.config.enabled_slots.push({ placementName: "jsonformatter_Leaderboard_btf", slotId: "jsonformatter_Leaderboard_btf" });</script></div><style> #pmLink { visibility: hidden; text-decoration: none; cursor: pointer; background: transparent; border: none; } #pmLink:hover { visibility: visible; color: grey; } </style> <div class="footer-below" style="padding-bottom: 115px;"> <div class="container"> <div class="row"> <button id="pmLink">Privacy Manager</button> <div class="col-lg-12"> <small>Copyright &copy; JSON Formatter 2020 3.8 </small>| <a href="/policy">Privacy Policy</a> | <a href="#about">About</a> | <a href="#faq">FAQ</a> | <a href="https://codeblogmoney.com" rel="noopener" target="_blank">Blog</a> | <a href="/contact">Contact</a> | <a href="https://codebeautify.org/base64-to-image-converter">Base64 to Image</a> | <a target="_blank" href="https://hexcolorcodes.org/" rel="noopener">Hex Color Codes</a> | <a target="_blank" href="https://textcompare.io/" rel="noopener">Text Compare</a> </div> </div> </div> </div> </footer> <script src="https://ajax.googleapis.com/ajax/libs/jquery/3.6.0/jquery.min.js"></script>  <script async src="https://cdnjs.cloudflare.com/ajax/libs/twitter-bootstrap/3.3.7/js/bootstrap.min.js"></script><script src="https://cdnjs.cloudflare.com/ajax/libs/ace/1.36.2/ace.js"></script> <script src="/dist/3.8/js/xmltools-min.js"></script> <script src="https://cdnjs.cloudflare.com/ajax/libs/underscore.js/1.9.1/underscore-min.js"></script><script src="/dist/3.8/js/convertToCsv.js"></script><script></script></body></html>